{"cameraMode":{"drawMode":0,"name":"Shaded","section":"Shading Mode"},"sceneLighting":true,"audioPlay":false,"sceneViewState":{"m_AlwaysRefresh":false,"showFog":true,"showSkybox":true,"showFlares":true,"showImageEffects":true,"showParticleSystems":true,"showVisualEffectGraphs":true,"m_FxEnabled":true},"in2DMode":false,"pivot":{"x":0.18440335988998414,"y":10.160597801208496,"z":2.172494411468506},"rotation":{"x":-0.028801219537854196,"y":-0.017394863069057466,"z":0.0005012963665649295,"w":-0.9994342923164368},"size":3.6994338035583498,"orthographic":false}