{"cameraMode":{"drawMode":0,"name":"Shaded","section":"Shading Mode"},"sceneLighting":false,"audioPlay":false,"sceneViewState":{"showFog":true,"showMaterialUpdate":true,"showSkybox":false,"showFlares":true,"showImageEffects":true,"showParticleSystems":true},"in2DMode":false,"pivot":{"x":20.66681480407715,"y":4.639669418334961,"z":39.50398254394531},"rotation":{"x":-0.002127699786797166,"y":0.9934230446815491,"z":-0.11375688016414643,"w":-0.023994607850909234},"size":6.00001859664917,"orthographic":false}