{"cameraMode":{"drawMode":0,"name":"Shaded","section":"Shading Mode"},"sceneLighting":false,"audioPlay":false,"sceneViewState":{"showFog":true,"showMaterialUpdate":true,"showSkybox":false,"showFlares":true,"showImageEffects":true,"showParticleSystems":true},"in2DMode":false,"pivot":{"x":-0.09854412078857422,"y":1.2915533781051636,"z":-2.0602610111236574},"rotation":{"x":-0.0701131820678711,"y":0.6879842281341553,"z":-0.06712812930345535,"w":-0.7192451357841492},"size":2.915475845336914,"orthographic":false}