{"cameraMode":{"drawMode":0,"name":"Shaded","section":"Shading Mode"},"sceneLighting":false,"audioPlay":false,"sceneViewState":{"showFog":true,"showMaterialUpdate":true,"showSkybox":false,"showFlares":true,"showImageEffects":true,"showParticleSystems":true},"in2DMode":false,"pivot":{"x":-6.3815813064575199,"y":-1.7274422645568848,"z":1.6484673023223878},"rotation":{"x":-0.10566677153110504,"y":0.6793656945228577,"z":-0.09973400831222534,"w":-0.7193247079849243},"size":5.012112617492676,"orthographic":false}