{"cameraMode":{"drawMode":0,"name":"Shaded","section":"Shading Mode"},"sceneLighting":false,"audioPlay":false,"sceneViewState":{"showFog":true,"showMaterialUpdate":true,"showSkybox":false,"showFlares":true,"showImageEffects":true,"showParticleSystems":true},"in2DMode":false,"pivot":{"x":0.0031974315643310549,"y":0.5375028848648071,"z":0.10198163986206055},"rotation":{"x":0.09259895235300064,"y":0.08128461986780167,"z":-0.007277082186192274,"w":0.9925591945648193},"size":5.4249067306518559,"orthographic":false}