{"cameraMode":{"drawMode":0,"name":"Shaded","section":"Shading Mode"},"sceneLighting":false,"audioPlay":false,"sceneViewState":{"showFog":true,"showMaterialUpdate":true,"showSkybox":false,"showFlares":true,"showImageEffects":true,"showParticleSystems":true},"in2DMode":false,"pivot":{"x":0.18422581255435944,"y":-0.3461449146270752,"z":0.12141220271587372},"rotation":{"x":0.656031608581543,"y":-0.009917874820530415,"z":0.008774672634899617,"w":0.7548112869262695},"size":1.3175075054168702,"orthographic":false}