{"cameraMode":{"drawMode":0,"name":"Shaded","section":"Shading Mode"},"sceneLighting":false,"audioPlay":false,"sceneViewState":{"showFog":true,"showMaterialUpdate":true,"showSkybox":false,"showFlares":true,"showImageEffects":true,"showParticleSystems":true},"in2DMode":false,"pivot":{"x":-0.6264628767967224,"y":4.381439685821533,"z":-5.1611199378967289},"rotation":{"x":-0.03412964195013046,"y":-0.9444250464439392,"z":-0.31086429953575137,"w":0.10328622162342072},"size":3.963893175125122,"orthographic":false}