{"cameraMode":{"drawMode":0,"name":"Shaded","section":"Shading Mode"},"sceneLighting":false,"audioPlay":false,"sceneViewState":{"showFog":true,"showMaterialUpdate":true,"showSkybox":false,"showFlares":true,"showImageEffects":true,"showParticleSystems":true},"in2DMode":false,"pivot":{"x":17.79037094116211,"y":78.17676544189453,"z":-23.027557373046876},"rotation":{"x":0.05094430223107338,"y":-0.034456755965948108,"z":-0.0021324800327420236,"w":-0.9982799291610718},"size":189.6053009033203,"orthographic":false}