{"cameraMode":{"drawMode":0,"name":"Shaded","section":"Shading Mode"},"sceneLighting":false,"audioPlay":false,"sceneViewState":{"showFog":true,"showMaterialUpdate":true,"showSkybox":false,"showFlares":true,"showImageEffects":true,"showParticleSystems":true},"in2DMode":false,"pivot":{"x":1.486750602722168,"y":-0.4448268413543701,"z":0.3615596294403076},"rotation":{"x":-0.11043587327003479,"y":-0.5077495574951172,"z":0.06602978706359863,"w":-0.8521043658256531},"size":3.86602520942688,"orthographic":false}