{"cameraMode":{"drawMode":0,"name":"Shaded","section":"Shading Mode"},"sceneLighting":false,"audioPlay":false,"sceneViewState":{"showFog":true,"showMaterialUpdate":true,"showSkybox":false,"showFlares":true,"showImageEffects":true,"showParticleSystems":true},"in2DMode":false,"pivot":{"x":0.1221851110458374,"y":-0.09519541263580322,"z":0.03781789541244507},"rotation":{"x":-0.2893074154853821,"y":-0.3786552846431732,"z":0.12596267461776734,"w":-0.8701813817024231},"size":1.6201121807098389,"orthographic":false}