{"cameraMode":{"drawMode":0,"name":"Shaded","section":"Shading Mode"},"sceneLighting":false,"audioPlay":false,"sceneViewState":{"showFog":true,"showMaterialUpdate":true,"showSkybox":false,"showFlares":true,"showImageEffects":true,"showParticleSystems":true},"in2DMode":false,"pivot":{"x":-0.9562860131263733,"y":0.31652146577835085,"z":-8.034248352050782},"rotation":{"x":-0.0003077916626352817,"y":0.9992659687995911,"z":-0.008710104040801525,"w":-0.039358291774988177},"size":8.358875274658204,"orthographic":false}