{"cameraMode":{"drawMode":0,"name":"Shaded","section":"Shading Mode"},"sceneLighting":false,"audioPlay":false,"sceneViewState":{"showFog":true,"showMaterialUpdate":true,"showSkybox":false,"showFlares":true,"showImageEffects":true,"showParticleSystems":true},"in2DMode":false,"pivot":{"x":-0.3327077031135559,"y":0.16061510145664216,"z":-0.06159961223602295},"rotation":{"x":0.015654264017939569,"y":-0.9347895383834839,"z":0.042182717472314838,"w":0.35291698575019839},"size":0.1330127716064453,"orthographic":false}