{"cameraMode":{"drawMode":0,"name":"Shaded","section":"Shading Mode"},"sceneLighting":false,"audioPlay":false,"sceneViewState":{"showFog":true,"showMaterialUpdate":true,"showSkybox":false,"showFlares":true,"showImageEffects":true,"showParticleSystems":true},"in2DMode":false,"pivot":{"x":-0.6920090913772583,"y":-0.43935298919677737,"z":1.9316657781600953},"rotation":{"x":0.2703559398651123,"y":-0.27868783473968508,"z":0.08246634900569916,"w":0.9180672764778137},"size":2.679492712020874,"orthographic":false}