{"cameraMode":{"drawMode":0,"name":"Shaded","section":"Shading Mode"},"sceneLighting":false,"audioPlay":false,"sceneViewState":{"showFog":true,"showMaterialUpdate":true,"showSkybox":false,"showFlares":true,"showImageEffects":true,"showParticleSystems":true},"in2DMode":false,"pivot":{"x":478.52825927734377,"y":451.70965576171877,"z":459.6300964355469},"rotation":{"x":-0.05543983727693558,"y":0.036583226174116138,"z":-0.002080917591229081,"w":-0.9979378581047058},"size":705.947021484375,"orthographic":false}