{"cameraMode":{"drawMode":0,"name":"Shaded","section":"Shading Mode"},"sceneLighting":false,"audioPlay":false,"sceneViewState":{"showFog":true,"showMaterialUpdate":true,"showSkybox":false,"showFlares":true,"showImageEffects":true,"showParticleSystems":true},"in2DMode":false,"pivot":{"x":1.1831021308898926,"y":1.421162724494934,"z":1.6006990671157838},"rotation":{"x":-0.04744640365242958,"y":0.9521806836128235,"z":-0.20152385532855988,"w":-0.22559599578380586},"size":1.216433048248291,"orthographic":false}