{"cameraMode":{"drawMode":0,"name":"Shaded","section":"Shading Mode"},"sceneLighting":false,"audioPlay":false,"sceneViewState":{"showFog":true,"showMaterialUpdate":true,"showSkybox":false,"showFlares":true,"showImageEffects":true,"showParticleSystems":true},"in2DMode":false,"pivot":{"x":-7.464860439300537,"y":6.852234840393066,"z":-4.845916271209717},"rotation":{"x":-0.07982859760522843,"y":-0.5766206383705139,"z":-0.05674994736909866,"w":0.8111203908920288},"size":4.469608306884766,"orthographic":false}