{"cameraMode":{"drawMode":0,"name":"Shaded","section":"Shading Mode"},"sceneLighting":false,"audioPlay":false,"sceneViewState":{"showFog":true,"showMaterialUpdate":true,"showSkybox":false,"showFlares":true,"showImageEffects":true,"showParticleSystems":true},"in2DMode":false,"pivot":{"x":-21.480010986328126,"y":4.711115837097168,"z":-9.065339088439942},"rotation":{"x":0.10328391939401627,"y":-0.02639009989798069,"z":0.002907261485233903,"w":0.9944071769714356},"size":3.609923839569092,"orthographic":false}