{"cameraMode":{"drawMode":0,"name":"Shaded","section":"Shading Mode"},"sceneLighting":false,"audioPlay":false,"sceneViewState":{"showFog":true,"showMaterialUpdate":true,"showSkybox":false,"showFlares":true,"showImageEffects":true,"showParticleSystems":true},"in2DMode":false,"pivot":{"x":33.10002899169922,"y":14.100000381469727,"z":-1.2000048160552979},"rotation":{"x":0.10328391939401627,"y":-0.02639009989798069,"z":0.002907261485233903,"w":0.9944071769714356},"size":2.7057032585144045,"orthographic":false}