{"cameraMode":{"drawMode":0,"name":"Shaded","section":"Shading Mode"},"sceneLighting":false,"audioPlay":false,"sceneViewState":{"showFog":true,"showMaterialUpdate":true,"showSkybox":false,"showFlares":true,"showImageEffects":true,"showParticleSystems":true},"in2DMode":false,"pivot":{"x":-0.9681148529052734,"y":-1.7118912935256959,"z":3.9535584449768068},"rotation":{"x":-0.17050297558307649,"y":0.3660605847835541,"z":-0.06782039254903794,"w":-0.9125584959983826},"size":3.861417055130005,"orthographic":false}