{"cameraMode":{"drawMode":0,"name":"Shaded","section":"Shading Mode"},"sceneLighting":false,"audioPlay":false,"sceneViewState":{"showFog":true,"showMaterialUpdate":true,"showSkybox":false,"showFlares":true,"showImageEffects":true,"showParticleSystems":true},"in2DMode":false,"pivot":{"x":-0.008684873580932618,"y":0.7600567936897278,"z":-0.016684412956237794},"rotation":{"x":-0.014006133191287518,"y":0.6015112400054932,"z":0.01133006252348423,"w":0.7989161610603333},"size":0.7242648005485535,"orthographic":false}