{"cameraMode":{"drawMode":0,"name":"Shaded","section":"Shading Mode"},"sceneLighting":false,"audioPlay":false,"sceneViewState":{"showFog":true,"showMaterialUpdate":true,"showSkybox":false,"showFlares":true,"showImageEffects":true,"showParticleSystems":true},"in2DMode":false,"pivot":{"x":-12.334006309509278,"y":1.2361003160476685,"z":-18.293895721435548},"rotation":{"x":0.015654264017939569,"y":-0.9347895383834839,"z":0.042182717472314838,"w":0.35291698575019839},"size":16.58242416381836,"orthographic":false}