{"cameraMode":{"drawMode":0,"name":"Shaded","section":"Shading Mode"},"sceneLighting":false,"audioPlay":false,"sceneViewState":{"showFog":true,"showMaterialUpdate":true,"showSkybox":false,"showFlares":true,"showImageEffects":true,"showParticleSystems":true},"in2DMode":false,"pivot":{"x":-24.654769897460939,"y":0.5823464393615723,"z":-17.347043991088868},"rotation":{"x":0.12315741181373596,"y":-0.8273027539253235,"z":0.19958892464637757,"w":0.510603666305542},"size":1.4456439018249512,"orthographic":false}