{"cameraMode":{"drawMode":0,"name":"Shaded","section":"Shading Mode"},"sceneLighting":true,"audioPlay":false,"sceneViewState":{"showFog":true,"showMaterialUpdate":true,"showSkybox":true,"showFlares":true,"showImageEffects":true,"showParticleSystems":true},"in2DMode":false,"pivot":{"x":10.858697891235352,"y":5.95629358291626,"z":12.136518478393555},"rotation":{"x":0.09731855243444443,"y":0.024776143953204156,"z":-0.002430428983643651,"w":0.9949718117713928},"size":19.0048885345459,"orthographic":false}