{"cameraMode":{"drawMode":0,"name":"Shaded","section":"Shading Mode"},"sceneLighting":false,"audioPlay":false,"sceneViewState":{"showFog":true,"showMaterialUpdate":true,"showSkybox":false,"showFlares":true,"showImageEffects":true,"showParticleSystems":true},"in2DMode":false,"pivot":{"x":0.1056375503540039,"y":0.028218746185302736,"z":-0.08244466781616211},"rotation":{"x":-0.2893074154853821,"y":-0.3786552846431732,"z":0.12596267461776734,"w":-0.8701813817024231},"size":5.080056190490723,"orthographic":false}