{"cameraMode":{"drawMode":0,"name":"Shaded","section":"Shading Mode"},"sceneLighting":false,"audioPlay":false,"sceneViewState":{"showFog":true,"showMaterialUpdate":true,"showSkybox":false,"showFlares":true,"showImageEffects":true,"showParticleSystems":true},"in2DMode":false,"pivot":{"x":-0.35112276673316958,"y":2.654439687728882,"z":3.247285842895508},"rotation":{"x":-0.061735402792692187,"y":0.031113261356949807,"z":-0.0020605651661753656,"w":-0.9976499676704407},"size":4.89649772644043,"orthographic":false}