{"cameraMode":{"drawMode":0,"name":"Shaded","section":"Shading Mode"},"sceneLighting":false,"audioPlay":false,"sceneViewState":{"showFog":true,"showMaterialUpdate":true,"showSkybox":false,"showFlares":true,"showImageEffects":true,"showParticleSystems":true},"in2DMode":false,"pivot":{"x":2.9375126361846926,"y":2.9037482738494875,"z":0.00061798095703125},"rotation":{"x":0.0015336232027038932,"y":0.9926305413246155,"z":-0.007367582060396671,"w":0.12262938916683197},"size":7.0288472175598148,"orthographic":false}