{"cameraMode":{"drawMode":0,"name":"Shaded","section":"Shading Mode"},"sceneLighting":false,"audioPlay":false,"sceneViewState":{"showFog":true,"showMaterialUpdate":true,"showSkybox":false,"showFlares":true,"showImageEffects":true,"showParticleSystems":true},"in2DMode":false,"pivot":{"x":2.7844362258911135,"y":0.7099225521087647,"z":-2.820856809616089},"rotation":{"x":-0.06389525532722473,"y":-0.8790718913078308,"z":0.12185350060462952,"w":-0.456838995218277},"size":5.984963417053223,"orthographic":false}