{"cameraMode":{"drawMode":0,"name":"Shaded","section":"Shading Mode"},"sceneLighting":false,"audioPlay":false,"sceneViewState":{"showFog":true,"showMaterialUpdate":true,"showSkybox":false,"showFlares":true,"showImageEffects":true,"showParticleSystems":true},"in2DMode":false,"pivot":{"x":-15.639999389648438,"y":1.6480000019073487,"z":-11.260000228881836},"rotation":{"x":-0.08522414416074753,"y":-0.10531552881002426,"z":0.009059871546924115,"w":-0.9907394647598267},"size":0.8660251498222351,"orthographic":false}