{"cameraMode":{"drawMode":0,"name":"Shaded","section":"Shading Mode"},"sceneLighting":false,"audioPlay":false,"sceneViewState":{"showFog":true,"showMaterialUpdate":true,"showSkybox":false,"showFlares":true,"showImageEffects":true,"showParticleSystems":true},"in2DMode":false,"pivot":{"x":-15.639999389648438,"y":1.6480000019073487,"z":-16.505619049072267},"rotation":{"x":-0.2060367465019226,"y":-0.6736543774604797,"z":0.2041936218738556,"w":-0.6797397136688232},"size":0.8660251498222351,"orthographic":false}