{"cameraMode":{"drawMode":0,"name":"Shaded","section":"Shading Mode"},"sceneLighting":false,"audioPlay":false,"sceneViewState":{"showFog":true,"showMaterialUpdate":true,"showSkybox":false,"showFlares":true,"showImageEffects":true,"showParticleSystems":true},"in2DMode":false,"pivot":{"x":0.364654541015625,"y":-3.1279191970825197,"z":-17.49190330505371},"rotation":{"x":-0.18439331650733949,"y":-0.8123365640640259,"z":0.43066710233688357,"w":-0.3477199375629425},"size":8.247153282165528,"orthographic":false}