{"cameraMode":{"drawMode":0,"name":"Shaded","section":"Shading Mode"},"sceneLighting":true,"audioPlay":false,"sceneViewState":{"showFog":true,"showMaterialUpdate":true,"showSkybox":false,"showFlares":true,"showImageEffects":true,"showParticleSystems":true},"in2DMode":false,"pivot":{"x":12.5,"y":8.250001907348633,"z":-12.569999694824219},"rotation":{"x":0.013887700624763966,"y":0.9820930361747742,"z":-0.1699124425649643,"w":0.080576591193676},"size":15.109151840209961,"orthographic":false}