{"cameraMode":{"drawMode":0,"name":"Shaded","section":"Shading Mode"},"sceneLighting":false,"audioPlay":false,"sceneViewState":{"showFog":true,"showMaterialUpdate":true,"showSkybox":false,"showFlares":true,"showImageEffects":true,"showParticleSystems":true},"in2DMode":false,"pivot":{"x":15.140000343322754,"y":1.5,"z":-21.959999084472658},"rotation":{"x":-0.07436268031597138,"y":-0.297795832157135,"z":0.023286322131752969,"w":-0.951483964920044},"size":0.8660253882408142,"orthographic":false}