{"cameraMode":{"drawMode":0,"name":"Shaded","section":"Shading Mode"},"sceneLighting":false,"audioPlay":false,"sceneViewState":{"showFog":true,"showMaterialUpdate":true,"showSkybox":false,"showFlares":true,"showImageEffects":true,"showParticleSystems":true},"in2DMode":false,"pivot":{"x":0.8506456613540649,"y":0.19743555784225465,"z":0.36955976486206057},"rotation":{"x":-0.05687037855386734,"y":-0.11892338842153549,"z":0.006823528558015823,"w":-0.9912513494491577},"size":2.9660251140594484,"orthographic":false}