{"cameraMode":{"drawMode":0,"name":"Shaded","section":"Shading Mode"},"sceneLighting":false,"audioPlay":false,"sceneViewState":{"showFog":true,"showMaterialUpdate":true,"showSkybox":false,"showFlares":true,"showImageEffects":true,"showParticleSystems":true},"in2DMode":false,"pivot":{"x":0.0,"y":7.290008544921875,"z":-21.895795822143556},"rotation":{"x":0.27458256483078005,"y":-0.07443884015083313,"z":0.021495791152119638,"w":0.9585505127906799},"size":1.0606003999710084,"orthographic":false}