{"cameraMode":{"drawMode":0,"name":"Shaded","section":"Shading Mode"},"sceneLighting":false,"audioPlay":false,"sceneViewState":{"showFog":true,"showMaterialUpdate":true,"showSkybox":false,"showFlares":true,"showImageEffects":true,"showParticleSystems":true},"in2DMode":false,"pivot":{"x":1.7504751682281495,"y":-0.437267005443573,"z":0.6578593254089356},"rotation":{"x":0.1494206190109253,"y":0.4588284492492676,"z":-0.07833366841077805,"w":0.8724989295005798},"size":1.4133975505828858,"orthographic":false}