{"cameraMode":{"drawMode":0,"name":"Shaded","section":"Shading Mode"},"sceneLighting":false,"audioPlay":false,"sceneViewState":{"showFog":true,"showMaterialUpdate":true,"showSkybox":false,"showFlares":true,"showImageEffects":true,"showParticleSystems":true},"in2DMode":false,"pivot":{"x":-0.9486312866210938,"y":0.9934275150299072,"z":1.1032350063323975},"rotation":{"x":-0.0599249042570591,"y":0.7477410435676575,"z":-0.06900322437286377,"w":-0.657982587814331},"size":3.900017023086548,"orthographic":false}