{"cameraMode":{"drawMode":0,"name":"Shaded","section":"Shading Mode"},"sceneLighting":false,"audioPlay":false,"sceneViewState":{"showFog":true,"showMaterialUpdate":true,"showSkybox":false,"showFlares":true,"showImageEffects":true,"showParticleSystems":true},"in2DMode":false,"pivot":{"x":0.1088263988494873,"y":-0.097636878490448,"z":-0.10981813073158264},"rotation":{"x":-0.08168002963066101,"y":-0.7885722517967224,"z":0.10735774785280228,"w":-0.5999664068222046},"size":0.8660253882408142,"orthographic":false}