{"cameraMode":{"drawMode":0,"name":"Shaded","section":"Shading Mode"},"sceneLighting":false,"audioPlay":false,"sceneViewState":{"showFog":true,"showMaterialUpdate":true,"showSkybox":false,"showFlares":true,"showImageEffects":true,"showParticleSystems":true},"in2DMode":false,"pivot":{"x":1293.255615234375,"y":1248.0821533203125,"z":421.064453125},"rotation":{"x":0.06700972467660904,"y":0.11713812500238419,"z":0.007779365871101618,"w":-0.9909709095954895},"size":3763.08544921875,"orthographic":false}