{"cameraMode":{"drawMode":0,"name":"Shaded","section":"Shading Mode"},"sceneLighting":false,"audioPlay":false,"sceneViewState":{"showFog":true,"showMaterialUpdate":true,"showSkybox":false,"showFlares":true,"showImageEffects":true,"showParticleSystems":true},"in2DMode":false,"pivot":{"x":-1.8210846185684205,"y":-1.3791382312774659,"z":1.8817402124404908},"rotation":{"x":-0.2233240008354187,"y":0.3361016511917114,"z":-0.08232249319553375,"w":-0.9112957119941711},"size":4.716562747955322,"orthographic":false}