{"cameraMode":{"drawMode":0,"name":"Shaded","section":"Shading Mode"},"sceneLighting":false,"audioPlay":false,"sceneViewState":{"showFog":true,"showMaterialUpdate":true,"showSkybox":false,"showFlares":true,"showImageEffects":true,"showParticleSystems":true},"in2DMode":false,"pivot":{"x":-1.2563581466674805,"y":39.68537139892578,"z":27.54730224609375},"rotation":{"x":0.02100254036486149,"y":0.020137742161750795,"z":0.00020873453468084335,"w":-0.9997323751449585},"size":212.3147735595703,"orthographic":false}