{"cameraMode":{"drawMode":0,"name":"Shaded","section":"Shading Mode"},"sceneLighting":false,"audioPlay":false,"sceneViewState":{"showFog":true,"showMaterialUpdate":true,"showSkybox":false,"showFlares":true,"showImageEffects":true,"showParticleSystems":true},"in2DMode":false,"pivot":{"x":-1.5372364521026612,"y":0.768223762512207,"z":-0.2090463638305664},"rotation":{"x":-0.13951580226421357,"y":0.13785110414028169,"z":-0.019342344254255296,"w":-0.9804621338844299},"size":3.8320505619049074,"orthographic":false}