{"cameraMode":{"drawMode":0,"name":"Shaded","section":"Shading Mode"},"sceneLighting":false,"audioPlay":false,"sceneViewState":{"showFog":true,"showMaterialUpdate":true,"showSkybox":false,"showFlares":true,"showImageEffects":true,"showParticleSystems":true},"in2DMode":false,"pivot":{"x":-1.830611228942871,"y":0.19901108741760255,"z":0.7953133583068848},"rotation":{"x":0.09892024844884873,"y":-0.8316568732261658,"z":0.15803301334381104,"w":0.523435652256012},"size":4.965622425079346,"orthographic":false}